Korean,Romanize,English
시간,[sigan],time
남자,[namja],man
방법,[bangbeop],way
사람들,[saramdeul],people
인생,[insaeng],life
날,[nal],day
일,[il],work
전화,[jeonhwa],call
밤,[bam],night
집,[jip],home
생각,[saenggak],thought
돈,[don],money
이름,[ireum],name
아버지,[abeoji],father
남자,[namja],guy
장소,[jangso],place
느낌,[neukkim],feel
여자,[yeoja],girl
집,[jip],house
왼쪽,[oenjjok],left
오른쪽,[oreunjjok],right
어머니,[eomeoni],mother
과정,[gwajeong],course
아빠,[appa],dad
세계,[segye],world
아들,[adeul],son
자동차,[jadongcha],car
여자,[yeoja],woman
친구,[chingu],friend
마음,[maeum],mind
머리,[meori],head
엄마,[eomma],mom
소년,[sonyeon],boy
직업,[jigeop],job
아기,[agi],baby
가족,[gajok],family
방,[bang],room
형제,[hyeongje],brother
머리,[meori],head
아이디어,[aideia],idea
아내,[anae],wife
시작,[sijak],start
문,[mun],door
조각,[jogak],bit
문제,[munje],matter
달리기,[dalligi],run
학교,[hakgyo],school
놀이,[nori],play
문제,[munje],problem
끝,[kkeut],end
전화기,[jeonhwagi],phone
희망,[huimang],hope
변명,[byeonmyeong],excuse
얼굴,[eolgul],face
차례,[charye],turn
경찰,[gyeongchal],police
마음,[maeum],heart
걱정,[geokjeong],worry
사업,[saeop],business
시계,[sigye],watch
년,[nyeon],year
손,[son],hand
의사,[uisa],doctor
앉기,[anjgi],sit
초,[cho],second
아이,[ai],kid
급여,[geubyeo],pay
물,[mul],water
죽음,[jugeum],death
물건,[mulgeon],stuff
분,[bun],minute
부분,[bubun],part
사람,[saram],person
음료,[eumryo],drink
변화,[byeonhwa],change
타격,[tageok],hit
확인,[hwagin],check
음악,[eumak],music
안,[an],inside
잠,[jam],sleep
나의,[naui],mine
거래,[georae],deal
점,[jeom],point
몸,[mom],body
친애하는,[chinaehaneun],dear
기회,[gihoi],chance
가까이,[gakkai],close
파티,[pati],party
딸,[ttal],daughter
단어,[daneo],word
즐거움,[jeulgeoum],fun
번호,[beonho],number
이야기,[iyagi],story
세트,[seteu],set
소망,[somang],wish
남편,[nampyeon],husband
불,[bul],fire
싸움,[ssawum],fight
휴식,[hyusik],rest
순간,[sungan],moment
주,[ju],week
서기,[seogi],stand
게임,[geim],game
절단,[jeoldan],cut
여동생,[yeodongsaeng],sister
아이,[ai],child
측면,[cheugmyeon],side
피,[pi],blood
진실,[jinsil],truth
여자,[yeoja],lady
총격,[chonggyeok],shot
전쟁,[jeonjaeng],war
휴식,[hyusik],break
걷기,[geodgi],walk
이유,[iyu],reason
고난,[gonan],trouble
도시,[dosi],city
마을,[maeul],town
신뢰,[sinloe],trust
질문,[jilmun],question
사무실,[samusil],office
절반,[jeolban],half
환영,[hwanyeong],welcome
커플,[keopeul],couple
서두름,[seodureum],hurry
꿀,[kkul],honey
권력,[gwollyeok],power
침대,[chimdae],bed
앞,[ap],front
답,[dap],answer
총,[chong],gun
줄,[jul],line
팀,[tim],team
뉴스,[nyuseu],news
선장,[seonjang],captain
증오,[jeungo],hate
개,[gae],dog
음식,[eumsik],food
빛,[bit],light
명령,[myeongryeong],order
국가,[gukga],country
선택,[seontaek],pick
사실,[sasil],fact
검정,[geomjeong],black
상사,[sangsa],boss
원인,[wonin],cause
저녁,[jeonyeok],dinner
약속,[yaksok],promise
계획,[gyehoek],plan
종류,[jongryu],sort
책,[chaek],book
시간,[sigan],hour
삼촌,[samchon],uncle
금고,[geumgo],safe
총격,[chonggyeok],shoot
접촉,[jeopchok],touch
회사,[hoesa],company
과거,[gwageo],past
암캐,[amkae],bitch
소리,[sori],sound
머리칼,[meorikal],hair
인간,[ingan],human
운전,[unjeon],drive
행운,[haengun],luck
정상,[jeongsang],top
승리,[seungri],win
통제,[tongje],control
추위,[chuwi],cold
공기,[gonggi],air
주인,[juin],master
춤,[chum],dance
섹스,[seksu],sex
다른,[dareun],others
병원,[byeongwon],hospital
거리,[geori],street
살인,[salin],murder
거짓말,[geojitmal],lie
꿈,[kkum],dream
잡기,[jabgi],catch
달콤한,[dalkomhan],sweet
감각,[gamgak],sense
내기,[naegi],bet
목소리,[moksori],voice
표지,[pyoji],sign
조용한,[joyonghan],quiet
느낀,[neukkin],felt
박자,[bakja],beat
돌아오기,[doraogi],return
커피,[keopi],coffee
데이트,[deiteu],date
당기기,[danggigi],pull
비밀,[bimil],secret
잘못,[jalmot],fault
떨어짐,[tteoreojim],fall
노래,[norae],song
침착한,[chimchakhan],calm
도로,[doro],road
떨어뜨림,[tteoreotteurim],drop
미래,[mirae],future
던지기,[deonjigi],throw
걸음,[georeum],step
조각,[jogak],piece
사진,[sajin],picture
땅,[ttang],land
궁금증,[gunggeumjeung],wonder
가치,[gachi],worth
대통령,[daetongryeong],president
눈,[nun],eye
친구,[chingu],dude
상태,[sangtae],state
형태,[hyeongtae],figure
행동,[haengdong],act
법,[beop],law
키스,[kiseu],kiss
작업,[jageop],works
보고서,[bogoseo],report
고통,[gotong],pain
패스,[paeseu],pass
깨어남,[kkaeeonam],wake
장군,[janggun],general
배,[bae],ship
선택,[seontaek],choice
반,[ban],class
장교,[janggyo],officer
실수,[silsoo],mistake
책임자,[chaegimja],chief
나이,[nai],age
입,[ip],mouth
마침,[machim],finish
옷,[ot],clothes
타기,[tagi],ride
생일,[saengil],birthday
어둠,[eodum],dark
체계,[chegye],system
필름,[pilleum],film
법원,[beopwon],court
영화,[yeonghwa],movie
달,[dal],month
입기,[ipgi],wear
기차,[gicha],train
호텔,[hotel],hotel
증거,[jeunggeo],evidence
보안,[boan],security
정보,[jeongbo],information
가방,[gabang],bag
공격,[gonggyeok],attack
라운드,[raundeu],round
푸른,[pureun],blue
역,[yeok],station
탁자,[takja],table
메시지,[mesiji],message
역사,[yeoksa],history
바보,[babo],fool
친구,[chingu],buddy
바닥,[badak],floor
태양,[taeyang],sun
손잡이,[sonjabi],handle
군대,[gundae],army
결혼,[gyeolhon],marriage
편지,[pyeonji],letter
주의,[juui],attention
평화,[pyeonghwa],peace
상황,[sanghwang],situation
중간,[junggan],middle
바위,[bawi],rock
시험,[siheom],test
선도,[seondo],lead
클럽,[keulleop],club
공포,[gongpo],fear
선물,[seonmul],present
바보,[babo],idiot
상자,[sangja],box
공,[gong],ball
집단,[jipdan],group
보트,[boteu],boat
계산,[gyesan],count
나쁜놈,[nappeunnom],bastard
범죄,[beomjoe],crime
열쇠,[yeolsoe],key
힘,[him],force
말,[mal],horse
점심,[jeomsim],lunch
미국인,[migugin],american
종이,[jongi],paper
요금,[yogeum],charge
놀람,[nollam],surprise
공간,[gonggan],space
떨어진,[tteoreojin],fell
명예,[myeongye],honor
사고,[sago],accident
물고기,[mulgogi],fish
바,[ba],bar
땅,[ttang],ground
정부,[jeongbu],government
은행,[eunhaeng],bank
덮개,[deopgae],cover
주요한,[juyohan],major
숨기기,[sumgigi],hide
막대기,[makdaegi],stick
바다,[bada],sea
차,[cha],tea
지역,[jiyeok],area
드레스,[deureseu],dress
서비스,[seobiseu],service
여행,[yeohaeng],trip
라디오,[radio],radio
타격,[tagyeok],blow
별,[byeol],star
기록,[girok],record
제안,[jean],offer
감옥,[gamok],prison
영혼,[yeonghon],soul
목록,[mokrok],list
금,[geum],gold
오후,[ohu],afternoon
대리인,[daeriin],agent
탐정,[tamjeong],detective
수리,[suri],fix
존경,[jongyeong],respect
공공,[gonggong],public
여자친구,[yeojachingu],girlfriend
술취함,[sulchwihalm],drunk
뇌,[noe],brain
세포,[sepo],cell
혼란,[honlan],mess
냄새,[naemsaе],smell
파리/비행,[pari]/[bihaeng],fly/(insect)
살인자,[salinja],killer
장면,[jangmyeon],scene
카드,[kadeu],card
영어,[yeongeo],english
교회,[gyohoe],church
얼음,[eoreum],ice
창문,[changmun],window
공유,[gongyu],share
웃음,[useum],laugh
중위,[jungwi],lieutenant
울음,[ureum],cry
엄마,[eomma],mum
방문,[bangmun],visit
좌석,[jwaseok],seat
선생님,[seonsaengnim],teacher
관계,[gwangye],relationship
즐거움,[jeulgeoum],pleasure
카메라,[kamera],camera
대학,[daehak],college
판사,[pansa],judge
위치,[wichi],position
위해,[wihae],sake
남자친구,[namjachingu],boyfriend
벽,[byeok],wall
사적,[sajeok],private
정류,[jeonglyu],stop
프랑스어,[peurangseueo],french
예술,[yesul],art
기계,[gigye],machine
녹색,[noksaek],green
경찰,[gyeongchal],cop
와인,[wain],wine
아파트,[apateu],apartment
마을,[maeul],village
축하,[chukha],congratulations
감방,[gambang],jail
농담,[nongdam],joke
악,[ak],evil
변호사,[byeonhosa],lawyer
필드/밭,[pildeu]/[bat],field
접촉,[jeopchok],contact
상점,[sangjeom],store
가게,[gage],shop
교수,[gyosu],professor
부인,[buin],madam
의심,[uisim],doubt
비행기,[bihaenggi],plane
현금,[hyeongeum],cash
섬,[seom],island
고양이,[goyangi],cat
결정,[gyeoljeong],decision
맥주,[maekju],beer
차이,[chai],difference
밀치기,[milchigi],push
남쪽,[namjjok],south
선물,[seonmul],gift
유리,[yuri],glass
나무,[namu],tree
곰,[gom],bear
북쪽,[bukjjok],north
버스,[beoseu],bus
파트너,[pateuneo],partner
잡기,[jabgi],grab
피해자,[pihaeja],victim
컴퓨터,[keompyuteo],computer
트럭,[teureok],truck
도달,[dodal],reach
판,[pan],board
지방,[jibang],fat
행성,[haengseong],planet
수색,[susaek],search
바람,[baram],wind
체포,[chepo],arrest
도약,[doyak],jump
지원,[jiwon],support
마법,[mabeop],magic
쓰레기,[sseuregi],crap
부엌,[bueok],kitchen
여름,[yeoreum],summer
환자,[hwanja],patient
이모,[imo],aunt
경험,[gyeongheom],experience
천국,[cheonguk],heaven
강,[gang],river
노크,[nokeu],knock
탈출,[talchul],escape
주소,[juso],address
발,[bal],foot
달,[dal],moon
친구,[chingu],mate
경기,[gyeonggi],match
최종,[choejong],final
연기,[yeongi],smoke
비난,[binan],blame
인쇄,[inswae],press
미소,[miso],smile
유형,[yuhyeong],type
임무,[immu],mission
호의,[hoi],favor
행동,[haengdong],action
의무,[uimu],duty
가격,[gagyeok],price
경비,[gyeongbi],guard
위험,[wiheom],risk
통지,[tongji],notice
적,[jeok],enemy
발차기,[balchagi],kick
종족/경주,[jongjok]/[gyeongju],race
정장,[jeongjang],suit
핏,[pit],fit
감독,[gamdok],director
점,[jeom],spot
십자가,[sipjaga],cross
팔,[pal],arm
위층,[wichung],upstairs
닭,[dak],chicken
부서,[buseo],department
영웅,[yeongung],hero
가스,[gaseu],gas
상사,[sangsa],sergeant
낮음,[najeum],low
다리,[dari],leg
맛,[mat],taste
낭비,[nangbi],waste
서쪽,[seojoк],west
묶음,[mukkeum],bunch
전투,[jeontu],battle
공부,[gongbu],study
언급,[eongeom],mention
종,[jong],bell
무대,[mudae],stage
구멍,[gumeong],hole
자물쇠,[jamulsoe],lock
무기,[mugi],weapon
에너지,[eneoji],energy
대우,[daeu],treat
화상,[hwang],burn
형태,[hyeongtae],form
하늘,[haneul],sky
아침밥,[achimbap],breakfast
밴드,[baendeu],band
트랙,[teuraek],track
정신,[jeongsin],spirit
코,[ko],nose
좋아하는것,[joahaneungeot],favorite
기억,[gieok],memory
웃음,[useum],laughter
굴림,[gullim],roll
목격자,[mokgyeokja],witness
이중,[ijung],double
화장실,[hwajangsil],bathroom
건설,[geonseol],build
폭탄,[poktan],bomb
압력,[apryeok],pressure
비행,[bihaeng],flight
관심,[gwansim],interest
목,[mok],throat
비용,[biyong],cost
위험,[wiheom],danger
더러운놈,[deoreounnom],asshole
목,[mok],neck
용의자,[yonguija],suspect
병,[byeong],bottle
아름다움,[areumdaum],beauty
자연,[jayeon],nature
비디오,[bidio],video
비,[bi],rain
캠프,[kaempeu],camp
수치,[suchi],shame
운전사,[unjeonsa],driver
새,[sae],bird
군중,[gunjung],crowd
수준,[sujeun],level
신념,[sinyeom],faith
사령관,[saryeonggwan],commander
고객,[gogaek],client
엔진,[enjin],engine
팝,[pop],pop
동물,[dongmul],animal
악마,[akma],devil
주말,[jumal],weekend
돌,[dol],stone
애인,[aein],sweetheart
피부,[pibu],skin
칼,[kal],knife
마약,[mayak],drug
눈먼,[nunmen],blind
독일어,[dogireo],german
해변,[haebyeon],beach
모자,[moja],hat
현지,[hyeonji],local
코드,[kodeu],code
홀,[hol],hall
기회,[gihoi],opportunity
헛소리,[heossori],bullshit
모서리,[moseori],corner
컵,[keop],cup
정의,[jeongui],justice
바닥,[badak],bottom
유령,[yuryeong],ghost
식당,[siktang],restaurant
언어,[eoneo],language
동쪽,[dongjjok],east
동료,[dongryo],fellow
노트,[noteu],note
리더,[rideo],leader
건강,[geongang],health
천사,[cheonsa],angel
규칙,[gyuchik],rule
사촌,[sachon],cousin
조언,[joeon],advice
용서,[yongseo],pardon
우유,[uyu],milk
속도,[sokdo],speed
파일,[pail],file
테이프,[teipeu],tape
연습,[yeonseup],practice
응급,[eunggeup],emergency
다리,[dari],bridge
코치,[kochi],coach
감독관,[gamdokgwan],inspector
장관,[janggwan],minister
박수,[baksu],applause
대화,[daehwa],conversation
계좌,[gyejwa],account
숨,[sum],breath
크루,[keuru],crew
고기,[gogi],meat
케이크,[keikeu],cake
힘,[him],strength
경력,[gyeongryeok],career
시야,[siya],sight
투표,[tupyo],vote
복사,[boksa],copy
헛소리,[heossori],nonsense
학생,[haksaeng],student
재판,[jaepan],trial
자유,[jayu],freedom
시장,[sijang],market
매니저,[maenijeo],manager
크기,[keugi],size
조작,[jojak],operation
속임수,[sogimsu],trick
애기,[aegi],sweetie
꾸러미,[kkureomi],pack
괴물,[goemul],monster
센터,[senteo],center
여행,[yeohaeng],travel
타겟,[taget],target
과학,[gwahak],science
프로젝트,[peurojekteu],project
먹이,[meogi],feed
신용,[sinyong],credit
자살,[jasal],suicide
조사,[josa],investigation
간호사,[ganhosa],nurse
기름,[gireum],oil
범죄자,[beomjoeja],criminal
군인,[gunin],soldier
셔츠,[syeocheu],shirt
예,[ye],example
파업,[paeup],strike
의자,[uija],chair
우주,[uju],universe
명령,[myeongryeong],command
상태,[sangtae],condition
도전,[dojeon],challenge
티켓,[tiket],ticket
견해,[gyeonhae],view
프로그램,[peurogeuraem],program
갈색,[galsaek],brown
세탁,[setak],wash
사회,[sahoe],society
석방,[seokbang],release
출생,[chulsaeng],birth
연구,[yeongu],research
손님,[sonnim],guest
리프트,[ripeuteu],lift
의견,[uigyeon],opinion
캐릭터,[kaerikteo],character
산,[san],mountain
열,[yeol],heat
넥타이,[neoktai],tie
보안관,[boangwan],sheriff
색깔,[saekkkal],color
검,[geom],sword
실험실,[silheomsil],lab
총알,[chongal],bullet
증거,[jeunggeo],proof
기지,[giji],base
크림,[keurim],cream
소음,[soeum],noise
전체,[jeonche],total
갱단,[gaengdan],gang
행복,[haengbok],happiness
기쁨,[gippeum],joy
여성,[yeoseong],female
그리기,[geurigi],draw
남성,[namseong],male
물림,[mullim],bite
샤워,[syawo],shower
관객,[gwangaek],audience
목적,[mokjeok],purpose
운명,[unmyeong],fate
나사,[nasa],screw
신사,[sinssa],gentleman
약,[yak],medicine
책임,[chaegim],responsibility
대화,[daehwa],talk
분할,[bunhal],split
무게,[muge],weight
단위,[danwi],unit
돼지,[dwaeji],pig
책상,[chaeksang],desk
손가락,[songarak],finger
수영장,[suyeongjang],pool
초점,[chojeom],focus
정원,[jeongwon],garden
재산,[jaesan],property
시장,[sijang],mayor
문제,[munje],issue
친구,[chingu],pal
인터뷰,[inteobyu],interview
팬,[paen],fan
신호,[sinho],signal
침묵,[chimmuk],silence
수술,[susoer],surgery
해,[hae],harm
직원,[jikwon],staff
요리사,[yorisa],chef
날씨,[nalsi],weather
거리,[geori],distance
과정,[gwajeong],process
계절,[gyejeol],season
접근,[jeopgeun],access
모델,[model],model
길,[gil],path
러시아인,[reosiain],russian
회원,[hoewon],member
스타일,[seutail],style
알람,[allam],alarm
일본인,[ilbonin],japanese
설탕,[seoltang],sugar
지붕,[jibung],roof
장례식,[jangryesik],funeral
피해,[pihae],damage
위,[wi],stomach
빵,[ppang],bread
눈,[nun],snow
성,[seong],castle
연설,[yeonseor],speech
블록,[beullok],block
흔들기,[heundeulgi],shake
파기,[pagi],dig
우체국,[ucheguk],post
현실,[hyeonsil],reality
축구,[chukgu],football
확산,[hwaksan],spread
코트,[koteu],coat
가슴,[gaseum],chest
성공,[seonggong],success
마담,[madam],madame
안전,[anjeon],safety
허가,[heoga],permission
화려,[hwaryeo],fancy
이론,[iron],theory
문,[mun],gate
여행,[yeohaeng],journey
페인트,[peinteu],paint
연인,[yeonin],lover
기분,[gibun],mood
폭풍,[pokpung],storm
페이지,[peiji],page
치즈,[chijeu],cheese
신부,[sinbu],priest
후회,[huhoer],regret
계약,[gyeyak],contract
도둑,[doduk],thief
이혼,[ihon],divorce
교훈,[gyohun],lesson
공동체,[gongdongche],community
주제,[juje],subject
임대,[imdae],rent
복수,[boksu],revenge
무역,[muyeok],trade
숲,[sup],forest
서두름,[seodureum],rush
소유자,[soyooja],owner
양,[yang],amount
예술가,[yesulga],artist
포켓,[pokeot],pocket
암,[am],cancer
쌍,[ssang],pair
폐허,[pyehoe],ruin
할아버지,[harabeoji],grandfather
자전거,[jajeongeo],bike
손실,[sonsil],loss
거짓말쟁이,[geojismaljaengi],liar
겨울,[gyeoul],winter
보조원,[bojowon],assistant
살인자,[sarinja],murderer
농장,[nongjang],farm
혀,[hyeo],tongue
화장실,[hwajangsil],toilet
천재,[cheongjae],genius
광장,[gwangjang],square
비서,[biseo],secretary
연결,[yeongyeol],connection
아래층,[araecheung],downstairs
침실,[chimsil],bedroom
전문가,[jeonmunga],professional
여행,[yeohaeng],tour
선수,[seonsu],player
은,[eun],silver
애정,[aejeong],pity
시계,[sigye],clock
바다,[bada],ocean
DNA,[diena],dna
충돌,[chungdor],crash
목욕,[mogyok],bath
운,[un],fortune
세기,[segi],century
보험,[bohum],insurance
공항,[gonghang],airport
사원,[sawon],temple
지식,[jisik],knowledge
지도,[jido],map
경쟁,[gyeongryeong],competition
방어,[bangeo],defense
선량함,[seollyangham],goodness
이벤트,[ibenteu],event
기간,[gigan],period
형태,[hyeongtae],shape
지옥,[jiok],hell
전화,[jeonhwa],telephone
요청,[yocheong],request
지원,[jiwon],grant
사건,[sageon],affair
무덤,[mudeom],grave
거인,[geoin],giant
식물,[sigmul],plant
현장,[hyeonjang],site
성명,[seongmyeong],statement
증가,[jeungga],rise
재킷,[jaekit],jacket
자비,[jabir],mercy
창녀,[changnyeo],whore
전환,[jeonhwan],switch
식사,[siksa],meal
방향,[banghyang],direction
데이터,[deiteo],data
뿔,[ppul],horn
변호사,[byeonhosa],attorney
관리,[gwalli],official
쥐,[jwi],rat
피자,[pija],pizza
충격,[chunggyeok],shock
수프,[supeu],soup
용기,[yonggi],courage
노랑,[norang],yellow
위치,[wichi],location
"실없는,인간","[sireoptneun,ingan]",jerk
초콜릿,[chokollit],chocolate
이미지,[imiiji],image
일반인,[ilbanin],regular
택시,[taeksi],taxi
오줌,[ojum],piss
상처,[sangcheo],wound
접시,[jeopsi],plate
텔레비전,[tellebijeon],television
괴짜,[goejja],freak
교통,[gyotong],traffic
새벽,[saebyeok],dawn
독,[dok],poison
미스테리,[miseuteori],mystery
인도인,[indoin],indian
쾅,[kwang],bang
병,[byeong],disease
이탈리아인,[italliain],italian
역할,[yeokhal],role
엉덩이,[eongdeongi],butt
승리,[seungri],victory
덫,[deot],trap
국가,[gukga],nation
욕망,[yokmang],desire
자정,[jajeong],midnight
배심원단,[baesimwondan],jury
약속,[yaksok],appointment
수영,[suyeong],swim
우편,[upyeon],mail
휴가,[hyuga],vacation
원천,[woncheon],source
공장,[gongjang],factory
궁전,[gungjeon],palace
균열,[gyunyeol],crack
재능,[jaeneung],talent
이웃,[iut],neighborhood
위협,[wiheom],threat
귀,[gwi],ear
기적,[gijeok],miracle
할머니,[halmeoni],grandmother
회사,[hoesa],firm
승자,[seungja],winner
면허,[myeonheo],license
이점,[ijeom],advantage
원숭이,[wonsungi],monkey
거울,[geoul],mirror
나무,[namu],wood
조합,[johap],union
기독교인,[gidokgyoin],christian
폭력,[pokryeok],violence
보호,[boho],protection
갈고리,[galgori],hook
간나,[ganna],motherfucker
관심,[gwansim],concern
효과,[hyogwa],effect
스튜디오,[seutyudio],studio
짐,[jim],load
보물,[bomul],treasure
주문,[jumun],spell
철,[cheol],iron
구조,[gujo],rescue
치료,[chiryo],treatment
사막,[samak],desert
결과,[gyeolgwa],result
피아노,[piano],piano
우정,[ujeong],friendship
사탕,[satang],candy
신부,[sinbu],bride
꽃,[kkot],flower
뼈,[ppye],bone
가치,[gachi],value
주니어,[junieo],junior
잔해,[janhae],remains
금속,[geumsok],metal
팁,[tip],tip
휴일,[hyuil],holiday
이율,[iyul],rate
공연,[gongyeon],performance
주지사,[jujisa],governor
탈것,[talgeot],vehicle
토스트,[toseuteu],toast
자존심,[jajonsim],pride
샴페인,[syampein],champagne
낯선사람,[natseonsaram],stranger
제복,[jebok],uniform
눈물,[nunmul],tear
택시,[taeksi],cab
존재감,[jonjaegam],presence
비명,[bimyeong],scream
먼지,[meonji],dust
가장자리,[gajangjari],edge
마녀,[manyeo],witch
미디어,[midieo],media
주장,[jujang],claim
밥,[bap],rice
알,[al],egg
펀치,[peonchi],punch
캐스트,[kaeseuteu],cast
지능,[jineung],intelligence
소,[so],cow
표면,[pyomyeon],surface
담배,[dambae],cigarette
운명,[unmyeong],destiny
점수,[jeomsu],score
기술,[gisul],technology
용,[yong],dragon
조종사,[jojongsar],pilot
죄,[joe],sin
황제,[hwangje],emperor
목표,[mokpyo],goal
청소년,[cheongsonyeon],youth
냄비,[naembi],pot
늑대,[neukdae],wolf
폭발,[pokbal],boom
행,[haeng],row
구역,[guyeok],section
쓰레기장,[sseuregijang],dump
텍스트,[tekeuseuteu],text
죄수,[joesu],prisoner
제로,[jero],zero
바퀴,[bakwi],wheel
교환,[gyohwan],exchange
해안,[haean],coast
성적,[seongjeok],grade
교대,[gyodae],shift
치료,[chiryo],cure
희생,[huisaeng],sacrifice
짐승,[jimseung],beast
파이,[pai],pie
재료,[jaeryo],material
생물,[saengmul],creature
자취,[jachwi],trace
단추,[danchu],button
어둠,[eodum],darkness
구급차,[gugeupcha],ambulance
인터넷,[inteonet],internet
범위,[beomwi],range
전문가,[jeonmunga],expert
동결,[donggeol],freeze
판매,[panmae],sale
주스,[juseu],juice
솔루션,[sollusyeon],solution
탑,[tap],tower
질량,[jillyang],mass
외계인,[oegyein],alien
일정,[iljeong],schedule
계단,[gyedan],stairs
과일,[gwail],fruit
스파이,[seupai],spy
선배,[seonbae],senior
차고,[chago],garage
분노,[bunno],anger
단서,[danseo],clue
잡지,[jabji],magazine
지대,[jidae],zone
어깨,[eokkae],shoulder
진전,[jinjeon],progress
뱀,[baem],snake
노력,[noryeok],effort
엘리베이터,[ellibeiteo],elevator
문장,[munjang],sentence
장비,[jangbi],equipment
태도,[taedo],attitude
신문,[sinmun],newspaper
영장,[yeongjang],warrant
패자,[paeja],loser
시리즈,[sirijeu],series
시력,[siryuk],vision
배우,[baeu],actor
저주,[jeoju],curse
그림자,[geurimja],shadow
열정,[yeoljeong],passion
경로,[gyeongno],route
기자,[gija],reporter
폭발,[pokbal],explosion
분대,[bundae],squad
왕국,[wangguk],kingdom
화면,[hwamyeon],screen
패션,[paesyeon],fashion
파도,[pado],wave
등반,[deungban],climb
펜,[pen],pen
사건,[sageon],incident
황소,[hwangso],bull
사슬,[saseul],chain
장치,[jangchi],device
빚,[bit],debt
운동,[undong],campaign
포옹,[poong],hug
알코올,[alkool],alcohol
회의,[hoeui],conference
교육,[gyoyuk],education
정치,[jeongchi],politics
강간,[ganggan],rape
미라,[mira],mummy
국경,[gukgyeong],border
전선,[jeonseon],wire
상,[sang],prize
원,[won],circle
대상,[daesang],object
강도,[gangdo],robbery
천둥,[cheondung],thunder
밧줄,[batjul],rope
소금,[sogeum],salt
육체,[yukche],flesh
작가,[jakga],writer
쓰레기,[sseuregi],trash
보상,[bosang],reward
영광,[yeonggwang],glory
권위,[gwonwi],authority
재산,[jaesan],estate
마당,[madang],yard
탱크,[taengkeu],tank
자신감,[jasingam],confidence
부족,[bujok],lack
사과,[sagwa],apple
접근,[jeopgeun],approach
병아리,[byeongari],chick
인형,[inhyeong],doll
오리,[ori],duck
주식,[jusik],stock
도서관,[doseogwan],library
실패,[silpae],failure
운동,[undong],movement
활,[hwal],bow
꼬리,[kkori],tail
상원의원,[sangwonuiwon],senator
악몽,[akmong],nightmare
극장,[geukjang],theater
모래,[morae],sand
명성,[myeongsung],reputation
미끄러짐,[mikkeureojim],slip
분홍,[bunhong],pink
하녀,[hanye],maid
대행사,[daehaengsa],agency
어린시절,[eorinsijeol],childhood
정반대,[jeongbandae],opposite
정책,[jeongchaek],policy
패닉,[paenik],panic
디자인,[dijain],design
채팅,[chaeting],chat
과제,[gwaje],task
수다,[suda],chatter
벨트,[belteu],belt
보증,[bojeung],guarantee
전류,[jeonryu],current
쓰레기,[sseuregi],garbage
보호,"[boho]""",custody
악마,[akma],demon
우연,[uyeon],coincidence
시도,[sido],attempt
혁명,[hyeokmyeong],revolution
협정,[hyeopjeong],agreement
제국,[jeguk],empire
재난,[jaenan],disaster
전진,[jeonjin],advance
기타,[gita],guitar
세부,[sebu],detail
행동,[haengdong],behavior
배달,[baedal],delivery
능력,[neungryeok],ability
지구,[jigu],district
신발,[sinbal],shoe
노예,[noye],slave
겁쟁이,[geopjaengi],coward
사냥꾼,[sanyangkkun],hunter
문화,[munhwa],culture
설명,[seolmyeong],explanation
위원회,[wiwonhoe],committee
배경,[baegyeong],background
정체성,[jeongchesung],identity
채널,[chaeneol],channel
경계,[gyeonggye],bound
종,[jong],species
투쟁,[tujaeng],struggle
마스크,[maseukeu],mask
열,[yeol],fever
대출,[daechul],loan
호루라기,[horuragi],whistle
처벌,[cheobeol],punishment
생산,[saengsan],production
수도,[sudo],capital
잠재력,[jamjaeryeok],potential
4분의1,[sabunuiil],quarter
볼,[bol],bowl
박물관,[bakmulgwan],museum
환호,[hwanho],cheer
접시,[jeopsi],dish
총소리,[chongsori],gunshot
옷장,[otjang],closet
먼지,[meonji],dirt
왕관,[wanggwan],crown
외침,[oechim],shout
친구,[chingu],fella
소파,[sopa],couch
수요,[suyo],demand
이전,[ijeon],transfer
관절,[gwanjeol],joint
에피소드,[episoseu],episode
지하실,[jihasil],basement
로마인,[romain],roman
기사,[gisa],article
안내,[anna],guide
샌드위치,[saendeuwichi],sandwich
플래시,[peullaesi],flash
지갑,[jigap],wallet
품질,[pumjil],quality
콘서트,[konsereuteu],concert
가수,[gasu],singer
길,[gil],lane
야구,[yagu],baseball
타이틀,[taiteul],title
위원장,[wiwonjang],commissioner
소변,[sobyeon],pee
자선,[jaseon],charity
드라마,[deurama],drama
의식,[uisik],ceremony
패키지,[paekiji],package
빛,[bit],shine
동지,[dongji],comrade
질,[jil],pussy
공급,[gonggeup],supply
음색,[eumsaek],tone
손님,[sonnim],customer
땀,[ttam],sweat
가능성,[ganeungseong],possibility
국기,[gukgi],flag
플라스틱,[peullaseutik],plastic
기어,[gieo],gear
항복,[hangbok],surrender
인상,[insang],impression
자아,[jaa],self
파산,[pasan],bust
하인,[hain],servant
체육관,[cheyukgwan],gym
공격,[gonggyeok],assault
흔적,[heunjeok],trail
위기,[wigi],crisis
수집,[sujip],collection
다이아몬드,[daiamondeu],diamond
성인,[seongin],adult
성경,[seonggyeong],bible
리그,[ligeu],league
오렌지,[orenji],orange
상상력,[sangsangryeok],imagination
이웃,[iut],neighbor
폭발,"[pokbal]""",blast
균형,[gyunhyeong],balance
골프,[golpeu],golf
패배,[paebae],defeat
테마,[tema],theme
위안,[wian],comfort
반응,[banyeong],reaction
전설,[jeonseol],legend
풀,[pul],grass
인쇄,[inswae],print
바이러스,[baireoseu],virus
발사,[balsa],launch
사이렌,[sairen],siren
입구,[ipgu],entrance
종교,[jonggyo],religion
버터,[beoteo],butter
숙제,[sukje],homework
스트레스,[seuteureseu],stress
모자,[moja],cap
박쥐,[bakjwi],bat
혼합,[honhap],mix
고문,[gomun],torture
갑판,[gapdan],deck
토끼,[tokki],rabbit
선택,[seontaek],option
발음,[bareum],accent
세금,[segeum],tax
찢음,[jjijeum],rip
싹,[ssak],bud
치료,[chiryo],therapy
인생,[insaeng],lifetime
짝사랑,[jjaksarang],crush
챔피언,[chaempieon],champion
두개골,[dugaegol],skull
버전,[beojeon],version
정부인,[jeongbuin],mistress
연료,[yeonryo],fuel
기간,[gigan],term
채권,[chaegwon],bond
평원,[pyeongwon],plain
실험,[silheom],experiment
승려,[seungnyeo],monk
사자,[saja],lion
청년,[cheongnyeon],lad
운동,[undong],exercise
지갑,[jigap],purse
동굴,[donggul],cave
표준,[pyojun],standard
터널,[teoneol],tunnel
철,[cheol],steel
분할,[bunhal],division
양,[yang],sheep
고전,[gojeon],classic
조카,[joka],nephew
소스,[soseu],sauce
영향,[yeonghyang],influence
네트워크,[neteuwokeu],network
대회,[daehoe],contest
오두막,[odumak],cabin
정글,[jeonggeul],jungle
뱀파이어,[baempaieo],vampire
출구,[chulgu],exit
침,[chim],spit
세대,[sedae],generation
수정,[sujeong],crystal
지위,[jiwi],status
학위,[hagwi],degree
불곱,[bulgop],buck
브랜드,[beuraendeu],brand
장난감,[jangnangam],toy
긁힘,[geulchim],scratch
부족,[bujok],tribe
대본,[daebon],script
신경,[singyeong],nerve
도장,[dojang],seal
벌레,[beolle],bug
반응,[banyeong],response
감시,[gamsi],surveillance
이득,[ideuk],gain
방아쇠,[bangasoae],trigger
진료소,[jinryoso],clinic
인내,[innae],patience
반역자,[banyeokja],traitor
제기랄,[jegiral],heck
우박,[ubak],hail
항구,[hanggu],port
쇠고기,[soegogi],beef
일상,[ilsang],routine
복장,[bokjang],outfit
고백,[gobaek],confession
안락,[anrak],ease
부관,[bugwan],deputy
교장,[gyojang],principal
지분,[jibun],stake
연결고리,[yeongyeolgoli],link
산업,[saneop],industry
의상,[uisang],costume
논쟁,[nonjaeng],argument
운동,[undong],motion
건설,[geonseol],construction
목표,[mokpyo],aim
무늬,[munui],pattern
못,[mot],nail
전기,[jeongi],electricity
전사,[jeonsa],warrior
요정,[yojeong],fairy
기념일,[ginyeomil],anniversary
온도,[ondo],temperature
부스,[buseu],booth
애완동물,[aewandommul],pet
스포츠,[seupocheu],sport
보석금,[boseokgeum],bail
방해,[banghae],interrupt
선율,[seonyul],tune
기도,[gido],prayer
양심,[yangsim],conscience
본부,[bonbu],headquarters
수탉,[sutak],cock
칩,[chip],chip
죄책감,[joechaekgam],guilt
오한,[ohan],chill
쥐,[jwi],mouse
딜러,[dilleo],dealer
백업,[baekeop],backup
낙원,[nakwon],paradise
주교,[jugyo],bishop
트렁크,[teureongkeu],trunk
전통,[jeontong],tradition
샐러드,[saelleodeu],salad
단지,[danji],complex
평균,[pyeonggyun],average
절벽,[jeolbyeok],cliff
그리스인,[geuriseuin],greek
대신,[daesin],behalf
펑크,[peongkeu],punk
줄무늬,[julmune],strip
파이프,[paipu],pipe
샘플,[saempeul],sample
빨래,[ppallae],laundry
환경,[hwangyeong],environment
새장,[saejang],cage
로봇,[robot],robot
습관,[seubgwan],habit
포장,[pojang],wrap
배,[bae],belly
이익,[iik],benefit
싱크대,[singkeudae],sink
삐비,[ppibi],beep
동기,[donggi],motive
서커스,[seokeoseu],circus
영토,[yeongto],territory
함정,[hamjeong],pit
사과,[sagwa],apology
시험,[siheom],exam
축제,[chukje],festival
여배우,[yeobaeu],actress
병동,[byeongdong],ward
활동,[hwaldong],activity
노동자,[nodongja],worker
경찰관,[gyeongchalgwan],policeman
보호소,[bohosoo],shelter
존재,[jonjae],existence
분위기,[bunwigee],atmosphere
제품,[jepum],product
한편,[hanpyeon],meantime
한계,[hangye],limit
선거,[seongeo],election
속옷,[sogot],underwear
맥박,[maekbak],pulse
작별,[jakbyeol],farewell
찰싹,[chalsak],slap
외침,[oechim],yell
초인종,[choinjong],doorbell
모험,[moheom],adventure
여권,[yeogwon],passport
망치,[mangchi],hammer
두건,[dugun],hood
판단,[pandan],judgment
살인,[sarin],homicide
순찰,[sunchal],patrol
흐름,[heureum],flow
울타리,[ultari],fence
정오,[jeongo],noon
기회,[gihoee],occasion
성격,[seonggyeok],personality
환상,[hwansang],fantasy
농작물,[nongjakmul],produce
확률,[hwakryul],odds
서명,[seomyeong],signature
개인,[gaein],individual
매력,[maeryeok],charm
의장,[uijang],chairman
틀,[teul],frame
안도,[ando],relief
구름,[gureum],cloud
시체,[siche],corpse
조직,[johjik],organization
호스트,[hoseuteu],host
운송,[unsong],transport
산소,[sanso],oxygen
시민,[simin],citizen
영향,[yeonghyang],impact
범죄,[beomjoe],offense
제작자,[jejakja],producer
키트,[kiteu],kit
광고,[gwanggo],ad
호위,[howi],escort
초대,[chodae],invitation
테러리스트,[tereoriseuteu],terrorist
점토,[jeomto],clay
비극,[bigeuk],tragedy
수학,[suhak],math
헛간,[heotgan],shed
절차,[jeolcha],procedure
모니터,[moniteo],monitor
회전,[hoejeon],spin
광대,[gwangdae],clown
목걸이,[mokgeoli],necklace
진흙,[jinheuk],mud
프로필,[peuropil],profile
각도,[gakdo],angle
가구,[gagu],furniture
약혼,[yakhon],engagement
바보,[baboo],moron
상어,[sangeo],shark
인류,[inryu],humanity
찍기,[jjikgi],chop
찰칵,[chalkak],snap
매출,[maechul],sales
마구간,[magugan],stable
할머니,[halmeoni],granny
기둥,[gidung],pole
무용가,[muyongga],dancer
영상,[yeongsang],footage
증가,[jeungga],increase
스트레칭,[seuteureching],stretch
로맨스,[romaenseu],romance
헬리콥터,[hellikopteo],helicopter
투구,[tugu],pitch
사례,[sarye],instance
레몬,[remon],lemon
두통,[dutoong],headache
쓰레기,[sseuregi],rubbish
회의,[hoeui],session
핀,[pin],pin
방,[bang],chamber
광고,[gwanggo],commercial
간,[gan],liver
음경,[eumgyeong],penis
엔지니어,[enjinieo],engineer
저녁,[jeonyeok],supper
술,[sul],liquor
드릴,[deuril],drill
골목,[golmok],alley
깡충,[kkangchung],hop
파괴,[pagoe],destruction
쓰레기,[sseuregi],junk
로켓,[roket],rocket
노인,[noin],elder
오페라,[opeora],opera
고속도로,[gosokdoro],highway
전투기,[jeontugi],fighter
껍데기,[kkeopdegi],shell
알파,[alpha],alpha
자유,[jayu],liberty
외과의사,[oegwa,surgeon
거지,[geoji],bum
과부,[gwabu],widow
목사,[moksa],reverend
모욕,[moyouk],insult
댓글,[daetgeul],comment
비누,[binu],soap
찌르다,[jjireuda],prick
저울,[jeoul],scale
슬픔,[seulpeum],grief
무릎,[mureup],knee
창녀,[changnyeo],slut
앨범,[aelbeom],album
피고인,[pigoin],defendant
여신,[yeosin],goddess
굽다,[gubda],bend
화장,[hwajang],makeup
충성,[chungseong],loyalty
가루,[garu],powder
유전자,[yujeonja],gene
다이어트,[daieoteu],diet
부모님,[bumonim],parent
잼,[jaem],jam
봉급,[bonggeup],salary
라틴어,[ratineo],latin
인구,[ingoo],population
대사,[daesa],ambassador
사물함,[samulham],locker
칭찬,[chingchan],praise
트라우마,[teurauma],trauma
해변,[haebyeon],shore
부,[bu],wealth
신혼여행,[sinhonyeohaeng],honeymoon
칼날,[kalnal],blade
위스키,[wiseuki],whiskey
핵심,[haeksim],core
구호,[guho],aid
텐트,[tenteu],tent
금발,[geumbal],blonde
의도,[uido],intention
학대,[hakdae],abuse
시,[si],poetry
제트기,[jeteugi],jet
저항,[jeohang],resistance
수염,[suyeom],beard
전략,[jeonryak],strategy
염소,[yeomso],goat
상,[sang],award
옥수수,[oksusu],corn
프로,[peuro],pro
그물,[geumul],net
문신,[munshin],tattoo
뇌졸중,[noejoljung],stroke
소설,[soseol],novel
혼돈,[hondon],chaos
동료,[dongryo],colleague
과학자,[gwahakja],scientist
이야기,[iyagi],tale
창고,[changgo],warehouse
코끼리,[kokkiri],elephant
인질,[injil],hostage
가지,[gaji],branch
이의,[ui],objection
무릎,[mureup],lap
소유,[soyu],possession
수도꼭지,[sudokkokji],tap
상급,[sanggeup],superior
턱,[teok],chin
탄산음료,[tansaneumryo],soda
위원회,[wiwonhoe],commission
영화관,[yeonghwagwan],cinema
근육,[geunyuk],muscle
시,[si],poem
항소,[hangso],appeal
스테이크,[seuteikeu],steak
생존,[saengjon],survival
이익,[iik],profit
상징,[sangjing],symbol
광기,[gwanggi],madness
발전,[baljeon],development
항해,[hanghae],sail
이,[i],tooth
리뷰,[ribyu],review
농구,[nonggu],basketball
경영,[gyeongyeong],management
관,[gwan],tube
소총,[sochong],rifle
통나무,[tongnamu],log
벌,[beol],bee
짜내다,[jjaenaeda],squeeze
태도,[taedo],manner
입구,[ipgu],entry
케이블,[keibeul],cable
프라이팬,[peuraipan],pan
원주민,[wonjumin],native
웨이터,[weiteo],waiter
벽돌,[byeokdol],brick
돼지고기,[dwaejigogi],pork
더미,[deomi],pile
표정,[pyojeong],expression
씨족,[ssijok],clan
시설,[siseol],facility
리셉션,[risebsyeon],reception
동상,[dongsang],statue
위성,[wiseong],satellite
광택제,[gwangtaekje],polish
파운드,[paundeu],pound
의사소통,[uisasotong],communication
냉장고,[naengjanggo],fridge
기초,[gicho],foundation
외모,[oemo],appearance
제안,[jean],proposal
전투,[jeontu],combat
슬라이드,[seullaidŭ],slide
지연,[jiyeon],delay
노동,[nodong],labor
부담,[budam],burden
지불,[jibul],payment
쇼핑몰,[syopingmol],mall
서류작업,[seoryujageop],paperwork
양고기,[yanggogi],lamb
항목,[hangmog],item
증언,[jeungeon],testimony
엉덩이,[eongdeongi],hip
댄스파티,[daenseupati],prom
패치,[paechi],patch
과제,[gwaje],assignment
모텔,[motel],motel
사기,[sagi],fraud
디저트,[dijeotheu],dessert
부상,[busang],injury
한판,[hanpan],bout
자루,[jaru],sack
토양,[toyang],soil
배지,[baeji],badge
모터,[moteo],motor
설명,[seolmyeong],description
배터리,[baeteori],battery
불만,[bulman],complaint
카우보이,[kauboi],cowboy
프라이버시,[peuraibeosi],privacy
지혜,[jihye],wisdom
반대,[bandae],contrary
크레인,[keurein],crane
누출,[nuchul],leak
알약,[alyak],pill
여행가방,[yeohaenggabang],suitcase
보드카,[bodeuka],vodka
화학물질,[hwahakmuljil],chemical
카톨릭,[katollik],catholic
축구,[chukgu],soccer
브러쉬,[beureoswi],brush
병,[byeong],illness
뒤집기,[dwijipgi],flip
비틀기,[biteulgi],twist
장,[jang],chapter
측정,[cheukjeong],measure
레이더,[leideo],radar
편집자,[pyeonjibja],editor
구조,[gujo],structure
마셜,[masyel],marshal
입찰,[ibchal],bid
손바닥,[sonbadak],palm
술집,[suljip],pub
분석,[bunseok],analysis
왕좌,[wangjwa],throne
헛간,[heotgan],barn
분노,[bunno],rage
함대,[hamdae],fleet
예산,[yesan],budget
유머,[yumeo],humor
직원,[jigwon],employee
약,[yak],medication
술,[sul],booze
누나,[nuna],sis
거북이,[geobugi],turtle
견과류,[gyeongwaryu],nut
동전,[dongjeon],coin
기반,[giban],basis
토론,[toron],discussion
기질,[gijil],temper
음모,[eummo],plot
카지노,[kajino],casino
포커,[pokeo],poker
농부,[nongbu],farmer
계산대,[gyesandae],counter
새끼,[saekki],fucker
수리,[suri],repair
쿠키,[kuki],cookie
제빵사,[jebangsa],baker
마사지,[masaji],massage
오락,[orak],entertainment
양동이,[yangdongi],bucket
채찍,[chaejjik],whip
용서,[yongseo],forgiveness
거미,[geomi],spider
단계,[dangye],phase
다이어리,[daieori],diary
담요,[damyo],blanket
코미디,[komidi],comedy
높이,[nopi],height
다이빙,[daibing],dive
테니스,[teniseu],tennis
햇살,[haessal],sunshine
마약,[mayak],dope
허가,[heoga],permit
재즈,[jaejeu],jazz
제비,[jeobi],swallow
수건,[sugeon],towel
기능,[gineung],function
토끼,[tokki],bunny
조카딸,[jokattal],niece
검사,[geomsa],prosecutor
기금,[gigeum],fund
펌프,[peompeu],pump
지역,[jiyeok],region
약점,[yakjeom],weakness
발견,[balgyeon],discovery
바늘,[baneul],needle
임원,[imwon],executive
정지,[jeongji],halt
둥지,[dungji],nest
중력,[joongryeok],gravity
수레,[sure],wagon
사기꾼,[sagikkun],con
폭발,[pokbal],burst
잡초,[jabcho],weed
개념,[gaenyeom],concept
운반선,[unbanseon],vessel
동물원,[dongmulwon],zoo
악취,[akchwi],stink
가죽,[gajuk],leather
멕시칸,[meksikan],mexican
시트,[siteu],sheet
부츠,[bucheuseu],boot
역전,[yeokjeon],reverse
손자,[sonja],grandson
방패,[bangpae],shield
지휘,[jihwi],conduct
짐,[jim],luggage
승진,[seungjin],promotion
메뉴,[menyu],menu
베이컨,[beikeon],bacon
방법,[bangbeop],method
퍼레이드,[peoreideu],parade
감자,[gamja],potato
태그,[taegeu],tag
방사능,[bangsaneung],radiation
기술,[gisul],technique
보석,[boseok],jewelry
보모,[bomo],nanny
카트,[kateu],cart
티슈,[tisyu],tissue
사수,[sasu],shooter
도착,[dochak],arrival
뿌리,[ppuri],root
은하,[eunha],galaxy
소문,[somon],gossip
기술,[gineung],skill
음모,[eummo],conspiracy
신랑,[sinrang],groom
체리,[cheri],cherry
굶주림,[geolmjurim],hunger
이상,[isang],ideal
반죽,[banjuk],dough
공포,[gongpo],terror
햄,[haem],ham
우선순위,[useonsunwi],priority
인류,[inryu],mankind
클릭,[keullik],click
유럽인,[yureopin],european
베개,[begae],pillow
스캔,[seukaen],scan
리허설,[riheoseol],rehearsal
시인,[siin],poet
축하,[chuka],celebration
소,[so],cattle
서랍,[seorab],drawer
라이터,[raiteo],lighter
등록,[deungrok],register
만화,[manhwa],comic
램프,[laempeu],lamp
찌르기,[jjireugi],stab
존엄성,[joneomseong],dignity
잔해,[janhae],wreck
친척,[chincheok],relative
혼수상태,[honsusangtae],coma
하사,[hasa],corporal
바구니,[baguni],basket
공포,[gongpo],horror
맹세,[maengse],oath
증기,[jeunggi],steam
솔로,[sollo],solo
묘지,[myoiji],cemetery
멍,[meong],bump
인사,[insa],personnel
거품,[geopum],scum
폭도,[pokdo],mob
조합,[johap],combination
광선,[gwangseon],beam
동맹,[dongmaeng],alliance
상담가,[sangdamga],counselor
낮잠,[natjam],nap
갈등,[galdeung],conflict
지원,[jiwon],assistance
철수,[cheolsu],retreat
후보,[hubo],candidate
고무,[gomu],rubber
빙고,[binggo],bingo
부검,[bugeom],autopsy
카펫,[kapaet],carpet
강아지,[gangaji],puppy
내장,[naejang],gut
관,[gwan],coffin
순간,[sungan],instant
재,[jae],ash
스캔들,[seukaendeul],scandal
동맹,[dongmaeng],ally
화살,[hwasal],arrow
비참,[bicham],misery
면,[myeon],cotton
스위트룸,[seuwiteulum],suite
강의,[gangui],lecture
경제,[gyeongje],economy
응시,[eungsi],stare
수호자,[suhoja],guardian
공연,[gongyeon],gig
투자,[tuja],investment
헤로인,[he'roin],heroin
예금,[yegum],deposit
메달,[medal],medal
껌,[kkeom],gum
부풀다,[bupulda],swell
헌신,[heonsin],commitment
오두막,[odumak],hut
후면,[humyeon],rear
사진작가,[sajinjagga],photographer
흥분,[heungbun],excitement
목장,[mokjang],ranch
수수료,[susuryo],fee
도구,[dogu],tool
직업,[jigeop],profession
문서,[munseo],document
기자,[gija],journalist
미끼,[mikki],bait
가슴,[gaseum],breast
슬픔,[seulpeum],sorrow
룸메이트,[rummeiteu],roommate
상담,[sangdam],counsel
대포,[daepo],cannon
벌금,[beolgeum],penalty
발표,[balpyo],announcement
코카인,[kokain],cocaine
포옹,[poong],embrace
못,[mot],spike
비단,[bidan],silk
도둑질,[dodukjil],theft
방문객,[bangmungaek],visitor
산성,[sanseong],acid
소란,[soran],fuss
거래,[georae],bargain
잔치,[janchi],feast
칼라,[kalla],collar
질투,[jiltu],envy
불길,[bulgil],flame
명성,[myeongseong],fame
향수,[hyangsu],perfume
시위,[siwi],protest
정신병자,[jeongsinbyeongja],psycho
감정,[gamjeong],emotion
전시,[jeonsi],display
내용,[naeyong],content
고추,[gochu],pepper
치마,[chima],skirt
크루즈,[keurujeu],cruise
대사관,[daesagwan],embassy
상처,[sangcheo],scar
리듬,[rideum],rhythm
신화,[sinhwa],myth
밀치다,[milchida],shove
증명서,[jeungmyeongseo],certificate
드럼,[deureom],drum
감염,[gamyeom],infection
스카치,[seukachi],scotch
개구리,[gaeguri],frog
체스,[cheseu],chess
신념,[sinnyeom],belief
캐비닛,[kaebinis],cabinet
소문,[somun],rumor
폐,[pae],lung
랩,[raep],rap
오류,[oryu],error
토론,[toron],debate
합,[hap],sum
청소,[cheongso],sweep
시대,[sidae],era
금고,[geumgo],vault
액체,[aekche],liquid
항공기,[hanggonggi],aircraft
총성,[chongseong],gunfire
친구,[chingu],chap
튀기다,[twigida],fry
화물,[hwamul],cargo
주먹,[jumeok],fist
멍청이,[meongcheongi],sucker
오븐,[obeun],oven
증오,[jeung'o],hatred
벤치,[benchi],bench
봉투,[bongtu],envelope
친절,[chinjeol],kindness
헬멧,[helmet],helmet
쌍둥이,[ssangdungi],twin
선원,[seonwon],sailor
사다리,[sadari],ladder
배럴,[baereol],barrel
민속,[minsok],folk
바나나,[banana],banana
대안,[daean],alternative
디자이너,[dijaineo],designer
다이얼,[daieol],dial
긴장,[ginjang],tension
급습,[geupseup],raid
정찰,[jeongchal],scout
사슴,[saseum],deer
그립,[geurip],grip
주석,[juseok],tin
감시자,[gamsija],warden
인용문,[inyongmun],quote
지하철,[jihacheol],subway
저장소,[jeojangso],storage
트레일러,[teureilleo],trailer
조작자,[johakja],operator
기업,[gieop],enterprise
주기,[jugi],cycle
중요성,[jungyoseong],importance
거위,[geowi],goose
베이스,[beiseu],bass
자원봉사자,[jawonbongsaja],volunteer
거주지,[geojuji],residence
입술,[ipsul],lip
갤러리,[gaellori],gallery
오토바이,[otobai],motorcycle
숭배,[sungbae],worship
졸업생,[joleopsaeng],graduate
의회,[uihoe],congress
집행,[jiphaeng],execution
의식,[uisik],ritual
고래,[gorae],whale
신청서,[sincheongseo],application
욕조,[yokjo],tub
권총,[gwonchong],pistol
민주주의,[minjujuui],democracy
캠퍼스,[kaempeoseu],campus
결론,[gyeollon],conclusion
녀석,[nyeoseok],rascal
촛불,[chotbul],candle
원칙,[wonchik],principle
정육점,[jeongyukjeom],butcher
스웨터,[seuweteo],sweater
계급,[gyegeup],rank
소풍,[sopung],picnic
회복,[hoebok],recovery
기어가기,[gieogagi],crawl
빌라,[billa],villa
브랜디,[beuraendi],brandy
식욕,[sikyok],appetite
레즈비언,[rejeubieon],lesbian
목동,[mokdong],shepherd
관점,[gwajeom],perspective
하키,[haki],hockey
기어이동,[gieoidong],creep
규율,[gyuyul],discipline
핥기,[haltgi],lick
석탄,[seoktan],coal
무덤,[mudeom],tomb
침묵,[chimmuk],hush
허수아비,[heosuabi],dummy
제안,[jean],suggestion
추가,[chuga],addition
치료사,[chiryosa],therapist
가석방,[gaseokbang],parole
카페,[kafe],cafe
마법사,[mabeobsa],wizard
의식,[uisik],consciousness
부문,[bumun],sector
일몰,[ilmol],sunset
창조,[changjo],creation
통로,[tongro],passage
칭찬,[chingchan],compliment
방송,[bangsong],broadcast
먹이,[meogi],prey
퍼즐,[peojeul],puzzle
배열,[baeyul],arrangement
침략,[chimryak],invasion
영원,[yeongwon],eternity
전염병,[jeonyeombbyeong],plague
철학,[cheolhak],philosophy
매춘부,[maechunbu],prostitute
본능,[bonneung],instinct
애정,[aejeong],affection
나치,[nachi],nazi
부,[bu],ministry
사치,[sachi],luxury
산들바람,[sandeulbaram],breeze
소시지,[sosiji],sausage
물리학,[mullihak],physics
해적,[haejeok],pirate
조각,[jogak],slice
낚시대,[nakkisidae],rod
신장,[sinjang],kidney
영감,[yeonggam],inspiration
생강,[saenggang],ginger
목적지,[mokjeokji],destination
콘크리트,[konkeuriteu],concrete
개울,[gaeul],stream
치과의사,[chigwauisa],dentist
배수,[baesu],drain
스프레이,[seupeurei],spray
기관,[gigwan],organ
엄지손가락,[eomjisongarak],thumb
당나귀,[dangnagwi],donkey
공식,[gongsik],formula
매춘부,[maechunbu],hooker
브래지어,[beuraejiEO],bra
총각,[chonggak],bachelor
항공기,[hanggonggi],airplane
결석,[gyelseok],absence
햇빛,[haetbit],daylight
손목,[sonmok],wrist
서기,[seogi],clerk
행위,[haengwi],deed
속도,[sokdo],pace
플러그,[peulleogeu],plug
특권,[teukgweon],privilege
보너스,[boneoseu],bonus
정직,[jeongjik],honesty
지하실,[jihasil],cellar
마차,[macha],carriage
로비,[robi],lobby
향기,[hyanggi],scent
햄버거,[haembeogeo],burger
의례,[uirye],protocol
작가,[jakga],author
두더지,[dudeoji],mole
불명예,[bulmyeongye],disgrace
환상,[hwansang],illusion
평결,[pyeonggyeol],verdict
수입,[suip],income
문명,[munmyeong],civilization
괴롭히는놈,[goeropineunnom],bully
원소,[wonseo],element
승객,[seunggaek],passenger
풍선,[pungseon],balloon
발가락,[balgarak],toe
필멸의,[pilmyeolui],mortal
복권,[bokgwon],lottery
대저택,[daejeottaek],mansion
커튼,[keoteun],curtain
볼,[bol],cheek
항구,[hanggu],harbor
홍수,[hongsu],flood
칵테일,[kakteil],cocktail
회답,[hoedap],reply
좀비,[jombi],zombie
동료,[dongnyo],associate
버블,[beobeul],bubble
종자,[jongja],seed
유명인사,[yumyeonginsa],celebrity
미사일,[misail],missile
부패,[bupae],rot
레이저,[reijeo],laser
원한,[wonhan],spite
밀,[mil],mill
웨이트리스,[weiteuriseu],waitress
은퇴,[euntoe],retirement
동의,[dongui],consent
축소,[chuksso],shrink
구리,[guri],copper
경매,[gyeongmae],auction
혼란,[honlan],confusion
칼럼,[kalleom],column
동정,[dongjeong],sympathy
연설자,[yeonseolja],speaker
황동,[hwangdong],brass
경찰,[gyeongchal],constable
개구쟁이,[gaegujaengi],brat
계획,[gyehoek],scheme
상속인,[sangsogin],heir
도랑,[dorang],ditch
의심,[uisim],suspicion
조수,[josu],tide
대회,[daehoe],tournament
무지개,[mujigae],rainbow
궤도,[gwedo],orbit
군단,[gundan],corps
플랫폼,[peullaetpom],platform
옷감,[otgam],cloth
산탄총,[santanchong],shotgun
털,[teol],fur
진,[jin],gin